Brand,Sincerity,Excitement,Competence,Sophistication,Ruggedness,N_Units,Small_Corpus_Flag
AESTURA,0.0636720039813857,0.0728032245921592,0.0647584350921938,0.037731294597809516,0.04404520635337879,2,N<=3
AGE20'S,0.19019244687709336,0.09451369123610978,0.11670072245954848,0.22613730668090287,0.07102426029741764,5,
Abib,0.16782138722216283,0.07550683296188557,0.10085569062276693,0.1301670317807293,0.047621081983379554,10,
Anua,0.17215653927220653,0.07064315368673608,0.08803830770581651,0.18741092865820974,0.05284182946973791,5,
BEYOND,0.14189405323122628,0.06736147029247756,0.03324575483889526,0.1713013481348753,0.10654268320649862,1,N<=3
BIOHEAL BOH,0.1335657482559327,0.24332248094530468,0.210887412857523,0.02614037017337978,0.06004473521412971,1,N<=3
Beauty of Joseon,0.12274597343073562,0.12596243053458575,0.06425523106332144,0.11850006868351354,0.03106842095790112,18,
COSRX,0.110456298034276,0.08147322808185387,0.06936408354279895,0.09813339987562764,0.012136950553718228,3,N<=3
Centellian24+,0.05273988609405933,0.10548782211844808,0.14659128538591581,0.01768383952730801,0.1602257223955045,2,N<=3
Dr.Belmeur,0.29127156345930416,0.599526513251476,0.42912977587224704,0.40259949187748134,0.15712820862730345,1,N<=3
ETUDE,0.14628184472433833,0.31183190574423253,0.12106397659647176,0.2510376044510243,0.05656539365494003,5,
FATION,0.12014719874261776,0.07487048811567042,0.11269816281532662,0.09681842358744083,0.08281146823234546,6,
FVRTS,0.24440793986690956,0.09162930309604335,0.15064600883569154,0.15408736198312706,0.06561200607716779,3,N<=3
Glint,0.1323920830109273,0.2593822785953913,0.041771947645530515,0.27012554082709056,0.10830664164192663,2,N<=3
HERA,0.3150551436895815,0.49191322760071626,0.23742696368883898,0.49131802784922046,0.17002552615373306,7,
KAHI,0.1394542853377061,0.11348477615441274,0.0676850516659518,0.24336483892208588,0.08243106341857734,4,
LANEIGE,0.13728533055779968,0.24083318930135253,0.11942280851132571,0.1250192600224788,0.09782854912405396,17,
MENOKIN,0.11735108427237718,0.07018164034428385,0.10384080929086648,0.1516259764165928,0.03591709521521504,5,
MISSHA,0.2056489466248119,0.16360922182939247,0.16336833409214807,0.11214405319963892,0.10601928426185622,5,
NATURE REPUBLIC,0.2183181173662888,0.15947728104074485,0.10677992673008703,0.1496704741672147,0.1738859481702093,10,
OHUI,0.18721182403128803,0.18104879930777112,0.12369440041516942,0.19215642549614942,0.1313478545182281,3,N<=3
OURWHY,0.22387966515573984,0.2060216076351935,0.04412717956842648,0.4837841444338361,0.121561449021101,1,N<=3
ROUND LAB,0.13782847653581282,0.1078636226051862,0.05431159257541704,0.0783408798225638,0.12204857415053995,6,
SKIN1004,0.07730327318422496,0.06264246638844877,0.03643839208719631,0.0630559825959305,0.08579927858469699,10,
Sooryehan,0.11982881518391272,0.27130794436864863,0.179370598298394,0.033357711819310985,0.06367155443876982,1,N<=3
Sulwhasoo,0.05832907487092598,0.14792443439182534,0.08626241020424964,0.02964568692065465,0.053607614148252956,4,
TIRTIR,0.2776230487138188,0.36279217512734857,0.0962304093874991,0.3517648461352413,0.06236601341903831,5,
TONYMOLY,0.22324404938941975,0.20555063408780067,0.08487803772538123,0.25177455694259454,0.044345799273772475,10,
Torriden,0.12327230728260474,0.13149134808918458,0.2196252518074794,0.016932443987267714,0.15540893860937408,2,N<=3
UGLY LOVELY,0.02941362492371506,0.09759223899648836,0.0178791045004295,0.05197703450297316,0.14383143497010073,1,N<=3
biodance,0.04962016504560737,0.04768440976026579,0.058802522860729824,0.027508625756863258,0.036128997005150834,28,
code glökolor,0.1748672186707457,0.08120682994679859,0.18101794407185579,0.06328457531829675,0.09522542652363579,1,N<=3
d'Alba,0.15320569502526066,0.2033617481138208,0.07799949433171638,0.19959213360885364,0.09136887406930327,3,N<=3
freshian,0.37403084170040934,0.4639696001403435,0.19701684492045188,0.3819955171396334,0.22143852612094234,6,
fwee,0.1923415266840796,0.2865523171130917,0.07010258477465768,0.14606781352388984,0.07306216768726395,8,
innisfree,0.2297541291029322,0.22557195531084692,0.14695510153218896,0.2073300468593111,0.16347414381194136,15,
ma:nyo,0.197202241239332,0.27013326316082387,0.10672667331463244,0.26518186171694347,0.1218627007183386,5,
mixsoon,0.19171457435246944,0.09059944559400417,0.10988732819532743,0.0890004870161647,0.11884152593120234,8,
su:m37°,0.179797382107195,0.10932106579562198,0.057416723345552166,0.09429997170456883,0.1637799600893314,11,
