Mapping,Dimension,Typeface_Feature,Standardized_Beta
Study3_primary,Sincerity,Elaborate,-0.02
Study3_primary,Sincerity,Harmony,0.14
Study3_primary,Sincerity,Natural,0.16
Study3_primary,Sincerity,Weight,0.02
Study3_primary,Sincerity,Flourish,0.06
Study3_primary,Excitement,Elaborate,0.12
Study3_primary,Excitement,Harmony,0.0
Study3_primary,Excitement,Natural,0.11
Study3_primary,Excitement,Weight,0.01
Study3_primary,Excitement,Flourish,0.05
Study3_primary,Competence,Elaborate,-0.05
Study3_primary,Competence,Harmony,0.15
Study3_primary,Competence,Natural,0.05
Study3_primary,Competence,Weight,0.05
Study3_primary,Competence,Flourish,0.07
Study3_primary,Sophistication,Elaborate,0.0
Study3_primary,Sophistication,Harmony,0.12
Study3_primary,Sophistication,Natural,0.16
Study3_primary,Sophistication,Weight,-0.06
Study3_primary,Sophistication,Flourish,0.1
Study3_primary,Ruggedness,Elaborate,0.0
Study3_primary,Ruggedness,Harmony,-0.03
Study3_primary,Ruggedness,Natural,-0.01
Study3_primary,Ruggedness,Weight,0.17
Study3_primary,Ruggedness,Flourish,0.04
Study1_sensitivity,Sincerity,Elaborate,-0.02
Study1_sensitivity,Sincerity,Harmony,0.13
Study1_sensitivity,Sincerity,Natural,0.22
Study1_sensitivity,Sincerity,Weight,0.04
Study1_sensitivity,Sincerity,Flourish,0.14
Study1_sensitivity,Excitement,Elaborate,0.05
Study1_sensitivity,Excitement,Harmony,0.1
Study1_sensitivity,Excitement,Natural,0.2
Study1_sensitivity,Excitement,Weight,0.03
Study1_sensitivity,Excitement,Flourish,0.13
Study1_sensitivity,Competence,Elaborate,-0.03
Study1_sensitivity,Competence,Harmony,0.13
Study1_sensitivity,Competence,Natural,0.22
Study1_sensitivity,Competence,Weight,0.05
Study1_sensitivity,Competence,Flourish,0.13
Study1_sensitivity,Sophistication,Elaborate,0.01
Study1_sensitivity,Sophistication,Harmony,0.16
Study1_sensitivity,Sophistication,Natural,0.22
Study1_sensitivity,Sophistication,Weight,0.01
Study1_sensitivity,Sophistication,Flourish,0.12
Study1_sensitivity,Ruggedness,Elaborate,-0.02
Study1_sensitivity,Ruggedness,Harmony,0.08
Study1_sensitivity,Ruggedness,Natural,0.18
Study1_sensitivity,Ruggedness,Weight,0.09
Study1_sensitivity,Ruggedness,Flourish,0.13
