Typeface_Feature,Prompt,Source_Definition
Elaborate,This is an elaborate font.,complexity/depth proxy
Elaborate,This is a complex font.,complexity/depth proxy
Harmony,This is a harmonious font.,symmetry/balance proxy
Harmony,This is a symmetrical font.,symmetry/balance proxy
Harmony,This is a balanced font.,symmetry/balance proxy
Natural,This is a natural font.,representative/organic proxy
Natural,This is an organic font.,representative/organic proxy
Weight,This is a heavy font.,heavy/compressed proxy
Weight,This is a compressed font.,heavy/compressed proxy
Flourish,This is a serif font.,serif presence proxy
